,Website
0,https://www.zaubacorp.com/company/AM-DAILY-SERVICES-OPC-PRIVATE-LIMITED/U74999MH2021OPC368405
1,https://www.zaubacorp.com/company/BHARTI-HYDRO-CARBON-PRIVATE-LIMITED/U24290MP2012PTC027713
2,https://www.zaubacorp.com/company/NARAIN-ROLLER-FLOUR-MILL-PVT-LTD/U99999UP1988PTC010251
3,https://www.zaubacorp.com/company/DELIGHT-PROTEINS-LIMITED/U74140MH2000PLC128371
4,https://www.zaubacorp.com/company/MEHRA-BROTHERS-INVESTMENTS-AND-HOLDINGS-PVT-LTD/U67120MH1983PTC030832
5,https://www.zaubacorp.com/company/JALAM-ENVIRONMENT-PRIVATE-LIMITED/U90001TG2013PTC087206
6,https://www.zaubacorp.com/company/SKYLARK-COURIER-SERVICES-PRIVATE-LIMITED/U64120MH2000PTC127378
7,https://www.zaubacorp.com/company/REMCURE-BIOLOGICS-OPC-PRIVATE-LIMITED/U24233DL2015OPC275011
8,https://www.zaubacorp.com/company/OPTIMUS-SOCIUS-EXIM-PRIVATE-LIMITED/U51219RJ2011PTC036080
9,https://www.zaubacorp.com/company/AQDAS-MART-PRIVATE-LIMITED/U17299UR2019PTC009382
10,https://www.zaubacorp.com/company/VAGSTECH-IT-SERVICES-PRIVATE-LIMITED/U72900TG2021PTC154045
